<?xml version="1.0" encoding="utf-8"?>
<ServiceResult xmlns:xsi="http://www.w3.org/2001/XMLSchema-instance" xmlns:xsd="http://www.w3.org/2001/XMLSchema">
  <ExtensionData />
  <BasicPremium>0</BasicPremium>
  <EndorsementPremium>0</EndorsementPremium>
  <EndorsementSI>0</EndorsementSI>
  <EndorsementServiceTax>0</EndorsementServiceTax>
  <ErrorText />
  <GetUserData>
    <ExtensionData />
    <ErrorTrackingNeeded>false</ErrorTrackingNeeded>
    <ProductType>SB</ProductType>
    <PropBranchDetails_IMDBranchCode />
    <PropBranchDetails_IMDBranchName />
    <PropCalculation_CalculateRate>true</PropCalculation_CalculateRate>
    <PropCalculation_Validate>true</PropCalculation_Validate>
    <PropCalculation_ValidateData>false</PropCalculation_ValidateData>
    <PropClauseDetails_Component51 />
    <PropClauseDetails_DepartmentCode_Mandatary>0</PropClauseDetails_DepartmentCode_Mandatary>
    <PropClauseDetails_ProductCode_Mandatary>0</PropClauseDetails_ProductCode_Mandatary>
    <PropClauseDetails_SectionCode />
    <PropCoinsuranceDetails_AddRow>true</PropCoinsuranceDetails_AddRow>
    <PropCoinsuranceDetails_CoinsuranceType />
    <PropCoinsuranceDetails_Commissiontobepaidbytheleader>false</PropCoinsuranceDetails_Commissiontobepaidbytheleader>
    <PropCoinsuranceDetails_PolicyNooftheleader />
    <PropCoinsuranceDetails_ReferenceNumber />
    <PropCoinsuranceDetails_SERVTAXCOMMRCVRLEADER>false</PropCoinsuranceDetails_SERVTAXCOMMRCVRLEADER>
    <PropCoinsuranceDetails_Servicetaxtobepaidbytheleader>true</PropCoinsuranceDetails_Servicetaxtobepaidbytheleader>
    <PropCoinsuranceDetails_Validate />
    <PropConditionDetails_ConditionDescription />
    <PropConditionDetails_DepartmentCode>0</PropConditionDetails_DepartmentCode>
    <PropConditionDetails_ProductCode>0</PropConditionDetails_ProductCode>
    <PropConditionDetails_SectionCode />
    <PropConditionDetails_SpecialConditionDescription />
    <PropCoverNoteDetails_CoverNoteBookNo />
    <PropCoverNoteDetails_CoverNoteLeafNo />
    <PropCoverNoteDetails_IssuedOnDt />
    <PropCoverNoteDetails_IsuedonTime />
    <PropCoverNoteDetails_LeafNo>0</PropCoverNoteDetails_LeafNo>
    <PropCoverNoteDetails_RecievedOn />
    <PropCoverNoteDetails_Validate>true</PropCoverNoteDetails_Validate>
    <PropCustomerDtls_CustomerID_Mandatary>1000010362</PropCustomerDtls_CustomerID_Mandatary>
    <PropCustomerDtls_CustomerName>ASD AASDASD</PropCustomerDtls_CustomerName>
    <PropCustomerDtls_CustomerType />
    <PropCustomerDtls_PayeeCustomerID />
    <PropCustomerDtls_PayeeCustomerName />
    <PropCustomerReferenceInfo_OldPolicyNumber />
    <PropCustomerReferenceInfo_PolicyConversionDate />
    <PropDistributionChannel_BranchDetails />
    <PropDistributionChannel_BusineeChannelBrunch />
    <PropDistributionChannel_BusineeChanneltype>AGENT CORPORATE</PropDistributionChannel_BusineeChanneltype>
    <PropDistributionChannel_BusinessServicingChannelType />
    <PropDistributionChannel_BusinessSource_Mandatary>INTERMEDIARY</PropDistributionChannel_BusinessSource_Mandatary>
    <PropDistributionChannel_BusinessSourcetype />
    <PropDistributionChannel_Commision>10</PropDistributionChannel_Commision>
    <PropDistributionChannel_EndorsementDtls />
    <PropDistributionChannel_FolderFilePath />
    <PropDistributionChannel_IntermediaryDetails />
    <PropDistributionChannel_MODetails />
    <PropDistributionChannel_OperationMode>NEWPOLICY</PropDistributionChannel_OperationMode>
    <PropDistributionChannel_SPDetails />
    <PropDistributionChannel_SerIntermediaryDetails />
    <PropDistributionChannel_ServiceProvider>10</PropDistributionChannel_ServiceProvider>
    <PropDistributionChannel_SpecialDiscount>100</PropDistributionChannel_SpecialDiscount>
    <PropDistributionChannel_Validate>false</PropDistributionChannel_Validate>
    <PropDistributionChannel_VerticalDtls />
    <PropEndorsementDtls_CancelDueToClaim>false</PropEndorsementDtls_CancelDueToClaim>
    <PropEndorsementDtls_CancellationOption />
    <PropEndorsementDtls_CancellationReason />
    <PropEndorsementDtls_CertificateofVintageCar>false</PropEndorsementDtls_CertificateofVintageCar>
    <PropEndorsementDtls_CoverType />
    <PropEndorsementDtls_DataEntryError>false</PropEndorsementDtls_DataEntryError>
    <PropEndorsementDtls_DateofEndfrominsured />
    <PropEndorsementDtls_Description />
    <PropEndorsementDtls_DocForCommPrivate>false</PropEndorsementDtls_DocForCommPrivate>
    <PropEndorsementDtls_DocOfRequisition />
    <PropEndorsementDtls_DocProofothersspecify />
    <PropEndorsementDtls_DocproofforNCB />
    <PropEndorsementDtls_DoubleINSOption>Automatic</PropEndorsementDtls_DoubleINSOption>
    <PropEndorsementDtls_EndorsementTypeCode>0</PropEndorsementDtls_EndorsementTypeCode>
    <PropEndorsementDtls_INSCoName />
    <PropEndorsementDtls_INSCoOffCodeAdd />
    <PropEndorsementDtls_IsSellerInsured>false</PropEndorsementDtls_IsSellerInsured>
    <PropEndorsementDtls_LaidUpFromDate />
    <PropEndorsementDtls_LaidUpToDate />
    <PropEndorsementDtls_LaidupVehicleCheck>false</PropEndorsementDtls_LaidupVehicleCheck>
    <PropEndorsementDtls_MajorRepairRenovation>false</PropEndorsementDtls_MajorRepairRenovation>
    <PropEndorsementDtls_NOCFinancier>false</PropEndorsementDtls_NOCFinancier>
    <PropEndorsementDtls_PolicyFrom />
    <PropEndorsementDtls_PolicyIssueDate />
    <PropEndorsementDtls_PolicyNo />
    <PropEndorsementDtls_PolicyTo />
    <PropEndorsementDtls_Reasonfornametransfer />
    <PropEndorsementDtls_SICCode />
    <PropEndorsementDtls_SICName />
    <PropEndorsementDtls_TypeOfTransfer />
    <PropEndorsementDtls_TypeofEndorsement />
    <PropEndorsementDtls_UFormFromDate />
    <PropEndorsementDtls_UFormToDate />
    <PropEndorsementDtls_UsageinInsuredPremises>false</PropEndorsementDtls_UsageinInsuredPremises>
    <PropEndorsementDtls_ValuationReport>false</PropEndorsementDtls_ValuationReport>
    <PropEndorsementDtls_VehicleLaidUptype />
    <PropEndorsementDtls_orgcertificatesurrendered>false</PropEndorsementDtls_orgcertificatesurrendered>
    <PropEndorsementEffectiveDate_EffectiveDate />
    <PropEndorsementEffectiveDate_EffectiveTime />
    <PropExclusionDetails_DepartmentCode>0</PropExclusionDetails_DepartmentCode>
    <PropExclusionDetails_ProductCode>0</PropExclusionDetails_ProductCode>
    <PropExclusionDetails_SectionCode />
    <PropFinancierDetails_AddRow>false</PropFinancierDetails_AddRow>
    <PropFinancierDetails_FinancierCodeGenerator>false</PropFinancierDetails_FinancierCodeGenerator>
    <PropFinancierDetails_Validate>true</PropFinancierDetails_Validate>
    <PropGeneralNodes_ApplicationDate>12/05/2016</PropGeneralNodes_ApplicationDate>
    <PropGeneralNodes_ApplicationNo>312016000002035</PropGeneralNodes_ApplicationNo>
    <PropGeneralNodes_ParentCompanyName />
    <PropGeneralNodes_PartnerReferanceNO />
    <PropGeneralNodes_RIInwardSharePercentage>0</PropGeneralNodes_RIInwardSharePercentage>
    <PropGeneralProposalGroup_CoverNoteDetails />
    <PropGeneralProposalGroup_DistributionChannel />
    <PropGeneralProposalGroup_GeneralProposalInformation />
    <PropGeneralProposalInformation_ActiveFlag>YES</PropGeneralProposalInformation_ActiveFlag>
    <PropGeneralProposalInformation_ApplicationNumber />
    <PropGeneralProposalInformation_BankID>0</PropGeneralProposalInformation_BankID>
    <PropGeneralProposalInformation_BlnEndtNoBlock>false</PropGeneralProposalInformation_BlnEndtNoBlock>
    <PropGeneralProposalInformation_BranchOfficeCode>90200</PropGeneralProposalInformation_BranchOfficeCode>
    <PropGeneralProposalInformation_BusinessSourceInfo />
    <PropGeneralProposalInformation_BusinessType_Mandatary>New Business</PropGeneralProposalInformation_BusinessType_Mandatary>
    <PropGeneralProposalInformation_CertificateNumber />
    <PropGeneralProposalInformation_ChannelNumber />
    <PropGeneralProposalInformation_CoverNotePlace />
    <PropGeneralProposalInformation_CovernoteGenType>AUTO</PropGeneralProposalInformation_CovernoteGenType>
    <PropGeneralProposalInformation_CustomerDtls />
    <PropGeneralProposalInformation_CustomerReferenceInfo />
    <PropGeneralProposalInformation_DealId />
    <PropGeneralProposalInformation_DepartmentCode>31</PropGeneralProposalInformation_DepartmentCode>
    <PropGeneralProposalInformation_DepartmentName />
    <PropGeneralProposalInformation_DisplayOfficeCode>0200</PropGeneralProposalInformation_DisplayOfficeCode>
    <PropGeneralProposalInformation_DisplayStatus />
    <PropGeneralProposalInformation_EmployeeName />
    <PropGeneralProposalInformation_EndorsementDescription />
    <PropGeneralProposalInformation_EndorsementEffectiveDate />
    <PropGeneralProposalInformation_EndorsementNo>0</PropGeneralProposalInformation_EndorsementNo>
    <PropGeneralProposalInformation_EndorsementRequestType />
    <PropGeneralProposalInformation_EndorsementRequestTypeCode />
    <PropGeneralProposalInformation_EndorsementSi>14326890</PropGeneralProposalInformation_EndorsementSi>
    <PropGeneralProposalInformation_EndorsementType />
    <PropGeneralProposalInformation_EndorsementWording />
    <PropGeneralProposalInformation_IndustryCode />
    <PropGeneralProposalInformation_InwardNo />
    <PropGeneralProposalInformation_IsNCBApplicable>false</PropGeneralProposalInformation_IsNCBApplicable>
    <PropGeneralProposalInformation_ManualCovernoteNo />
    <PropGeneralProposalInformation_MasterPolicy />
    <PropGeneralProposalInformation_MasterPolicyVersion />
    <PropGeneralProposalInformation_MethodOfCalculation>1004</PropGeneralProposalInformation_MethodOfCalculation>
    <PropGeneralProposalInformation_NCBpercentage>0</PropGeneralProposalInformation_NCBpercentage>
    <PropGeneralProposalInformation_NextB>false</PropGeneralProposalInformation_NextB>
    <PropGeneralProposalInformation_NoPrevInsuranceFlag>false</PropGeneralProposalInformation_NoPrevInsuranceFlag>
    <PropGeneralProposalInformation_NonLiablePeriod />
    <PropGeneralProposalInformation_NumCovernoteNo>0</PropGeneralProposalInformation_NumCovernoteNo>
    <PropGeneralProposalInformation_OfficeCode>90300</PropGeneralProposalInformation_OfficeCode>
    <PropGeneralProposalInformation_OfficeName>MUMBAI</PropGeneralProposalInformation_OfficeName>
    <PropGeneralProposalInformation_OldCovernoteNo />
    <PropGeneralProposalInformation_OptionForCalculation>Yearly</PropGeneralProposalInformation_OptionForCalculation>
    <PropGeneralProposalInformation_PolicyEffectivedate />
    <PropGeneralProposalInformation_PolicyNo>0</PropGeneralProposalInformation_PolicyNo>
    <PropGeneralProposalInformation_PolicyNumberChar />
    <PropGeneralProposalInformation_PolicySchedule_Mandatary>Yes</PropGeneralProposalInformation_PolicySchedule_Mandatary>
    <PropGeneralProposalInformation_PolicyTerm />
    <PropGeneralProposalInformation_ProductCode>3121</PropGeneralProposalInformation_ProductCode>
    <PropGeneralProposalInformation_ProductName />
    <PropGeneralProposalInformation_ProposalDate_Mandatary>12/05/2016</PropGeneralProposalInformation_ProposalDate_Mandatary>
    <PropGeneralProposalInformation_ProposalFormNumber />
    <PropGeneralProposalInformation_ProvisionalBooking />
    <PropGeneralProposalInformation_ProvisionalBookingReason />
    <PropGeneralProposalInformation_QuickId />
    <PropGeneralProposalInformation_QuoteNumber />
    <PropGeneralProposalInformation_ReInsuranceInward>No</PropGeneralProposalInformation_ReInsuranceInward>
    <PropGeneralProposalInformation_ReferenceNoDate />
    <PropGeneralProposalInformation_ReferralCode />
    <PropGeneralProposalInformation_RelationshipType />
    <PropGeneralProposalInformation_Remarks />
    <PropGeneralProposalInformation_RetainCancellationPremium />
    <PropGeneralProposalInformation_SalesTax />
    <PropGeneralProposalInformation_Sector_Mandatary>Urban</PropGeneralProposalInformation_Sector_Mandatary>
    <PropGeneralProposalInformation_SerDealId />
    <PropGeneralProposalInformation_ServiceTaxExemptionCategory_Mandatary>No Exemption</PropGeneralProposalInformation_ServiceTaxExemptionCategory_Mandatary>
    <PropGeneralProposalInformation_TotalSi>14326890</PropGeneralProposalInformation_TotalSi>
    <PropGeneralProposalInformation_TypeOfBusiness />
    <PropGeneralProposalInformation_TypeOfCalculation />
    <PropGeneralProposalInformation_TypeOfIndustry />
    <PropGeneralProposalInformation_TypeOfPolicy>SYSTEM</PropGeneralProposalInformation_TypeOfPolicy>
    <PropGeneralProposalInformation_UWLocation />
    <PropGeneralProposalInformation_UWLocationCode />
    <PropGeneralProposalInformation_ValidationFlag />
    <PropGeneralProposalInformation_VehicleLaidUpFrom />
    <PropGeneralProposalInformation_VehicleLaidUpTo />
    <PropGeneralProposalInformation_covernoteissuedate />
    <PropGeneralProposalInformation_covernoteissuetime />
    <PropGeneralProposalInformation_disprntoffcd />
    <PropGeneralProposalInformation_iscovernoteused>false</PropGeneralProposalInformation_iscovernoteused>
    <PropGeneralProposalInformation_numTotalFee>0</PropGeneralProposalInformation_numTotalFee>
    <PropGeneralProposal_ClauseDetails_Col />
    <PropGeneralProposal_CoinsuranceDetails_Col />
    <PropGeneralProposal_ConditionDetails_Col />
    <PropGeneralProposal_ExclusionDetails_Col />
    <PropGeneralProposal_FinancierDetails_Col />
    <PropGeneralProposal_GeneralProposalGroup />
    <PropGeneralProposal_IsCustomWorkflowCondition>QC,RI,PG,PR,OCN,VI</PropGeneralProposal_IsCustomWorkflowCondition>
    <PropGeneralProposal_PreviousPolicyDetails_Col />
    <PropGeneralProposal_Warranty_Col />
    <PropHigherExcessDiscount_HE_Disc_RateType_In>0</PropHigherExcessDiscount_HE_Disc_RateType_In>
    <PropIntermediaryDetails_IntermediaryCode>0015455000</PropIntermediaryDetails_IntermediaryCode>
    <PropIntermediaryDetails_IntermediaryName>AXIS BANK LTD</PropIntermediaryDetails_IntermediaryName>
    <PropIntermediaryDetails_IntermediaryType>Non-DM</PropIntermediaryDetails_IntermediaryType>
    <PropLoadingDiscount_Col />
    <PropMODetails_PrimaryMOCode />
    <PropMODetails_PrimaryMOName />
    <PropMODetails_SecondaryMOCode />
    <PropMODetails_SecondaryMOName />
    <PropMODetails_TertiaryMOCode />
    <PropMODetails_TertiaryMOName />
    <PropMotorOtherNodes_AfterFetch />
    <PropMotorOtherNodes_CancelationDetail />
    <PropMotorOtherNodes_EndorsementDtls />
    <PropMotorOtherNodes_GeneralNodes />
    <PropMotorOtherNodes_validate_aftercalc>True</PropMotorOtherNodes_validate_aftercalc>
    <PropMotorOtherNodes_validate_beforecalc />
    <PropNonLiablePeriod_NonLiableEndTime />
    <PropNonLiablePeriod_NonLiableFromDate />
    <PropNonLiablePeriod_NonLiableStartTime />
    <PropNonLiablePeriod_NonLiableToDate />
    <PropParameters_AddClause>false</PropParameters_AddClause>
    <PropParameters_AddCondition>false</PropParameters_AddCondition>
    <PropParameters_AddExclusion>false</PropParameters_AddExclusion>
    <PropParameters_AddWarranty>false</PropParameters_AddWarranty>
    <PropParameters_AfterFetch>true</PropParameters_AfterFetch>
    <PropParameters_ClauseApplicable>true</PropParameters_ClauseApplicable>
    <PropParameters_CoInsuranceApplicability>true</PropParameters_CoInsuranceApplicability>
    <PropParameters_CommissionApplicable>true</PropParameters_CommissionApplicable>
    <PropParameters_ConditionApplicable>true</PropParameters_ConditionApplicable>
    <PropParameters_CoverNoteApplicability>true</PropParameters_CoverNoteApplicability>
    <PropParameters_EQHigherExcessDiscount>false</PropParameters_EQHigherExcessDiscount>
    <PropParameters_ExclusionApplicable>true</PropParameters_ExclusionApplicable>
    <PropParameters_FamilyPackageDiscount>false</PropParameters_FamilyPackageDiscount>
    <PropParameters_FinancierApplicability>true</PropParameters_FinancierApplicability>
    <PropParameters_FloaterRiskLoading>false</PropParameters_FloaterRiskLoading>
    <PropParameters_GroupDiscount>false</PropParameters_GroupDiscount>
    <PropParameters_HighClaimLoading>false</PropParameters_HighClaimLoading>
    <PropParameters_HigherExcessDiscount>false</PropParameters_HigherExcessDiscount>
    <PropParameters_Installment>false</PropParameters_Installment>
    <PropParameters_LongTermPolicy>false</PropParameters_LongTermPolicy>
    <PropParameters_LowClaimDiscount>false</PropParameters_LowClaimDiscount>
    <PropParameters_MinimumPremium>true</PropParameters_MinimumPremium>
    <PropParameters_NoClaimDiscount>false</PropParameters_NoClaimDiscount>
    <PropParameters_OverageLoading>false</PropParameters_OverageLoading>
    <PropParameters_PasPolicyApplicable />
    <PropParameters_PastPolicyApplicable>false</PropParameters_PastPolicyApplicable>
    <PropParameters_PolicyCancellation>false</PropParameters_PolicyCancellation>
    <PropParameters_PopulateTransactionBegin>true</PropParameters_PopulateTransactionBegin>
    <PropParameters_PreviousPolicyApplicable />
    <PropParameters_RenewalAllowed>true</PropParameters_RenewalAllowed>
    <PropParameters_SectionDiscount>false</PropParameters_SectionDiscount>
    <PropParameters_ServiceTaxExempted>false</PropParameters_ServiceTaxExempted>
    <PropParameters_ShortPeriodLongPeriod>true</PropParameters_ShortPeriodLongPeriod>
    <PropParameters_SpecialDiscountApplicable>true</PropParameters_SpecialDiscountApplicable>
    <PropParameters_StaffDiscount>false</PropParameters_StaffDiscount>
    <PropParameters_StampDutyChargeable>false</PropParameters_StampDutyChargeable>
    <PropParameters_TariffProduct>true</PropParameters_TariffProduct>
    <PropParameters_TransferFees>false</PropParameters_TransferFees>
    <PropParameters_VDFDiscountAllowed>false</PropParameters_VDFDiscountAllowed>
    <PropParameters_ValidateClause>true</PropParameters_ValidateClause>
    <PropParameters_ValidateCondition>true</PropParameters_ValidateCondition>
    <PropParameters_ValidateEndorsementData>true</PropParameters_ValidateEndorsementData>
    <PropParameters_ValidateExclusion>true</PropParameters_ValidateExclusion>
    <PropParameters_ValidateWarranty>true</PropParameters_ValidateWarranty>
    <PropParameters_WarrentyApplicable>true</PropParameters_WarrentyApplicable>
    <PropPolicyCoverDetails_Applicable>false</PropPolicyCoverDetails_Applicable>
    <PropPolicyCoverDetails_CoverGroups />
    <PropPolicyCoverDetails_DifferentialSI>0</PropPolicyCoverDetails_DifferentialSI>
    <PropPolicyCoverDetails_EndorsementAmount>0</PropPolicyCoverDetails_EndorsementAmount>
    <PropPolicyCoverDetails_Premium>0</PropPolicyCoverDetails_Premium>
    <PropPolicyCoverDetails_Rate>0</PropPolicyCoverDetails_Rate>
    <PropPolicyCoverDetails_SumInsured>0</PropPolicyCoverDetails_SumInsured>
    <PropPolicyEffectivedate_Fromdate_Mandatary>17/05/2016</PropPolicyEffectivedate_Fromdate_Mandatary>
    <PropPolicyEffectivedate_Fromhour_Mandatary>00:00</PropPolicyEffectivedate_Fromhour_Mandatary>
    <PropPolicyEffectivedate_Todate_Mandatary>16/05/2017</PropPolicyEffectivedate_Todate_Mandatary>
    <PropPolicyEffectivedate_Tohour_Mandatary>23:59</PropPolicyEffectivedate_Tohour_Mandatary>
    <PropPremiumCalculation_BasicPremium>90712.79</PropPremiumCalculation_BasicPremium>
    <PropPremiumCalculation_Cess>0</PropPremiumCalculation_Cess>
    <PropPremiumCalculation_CustomCoverLDPremium>84548.79</PropPremiumCalculation_CustomCoverLDPremium>
    <PropPremiumCalculation_ERFAmount>0</PropPremiumCalculation_ERFAmount>
    <PropPremiumCalculation_EndorsementERFAmount>0</PropPremiumCalculation_EndorsementERFAmount>
    <PropPremiumCalculation_EndorsementGST>0</PropPremiumCalculation_EndorsementGST>
    <PropPremiumCalculation_EndorsementPremium>106765</PropPremiumCalculation_EndorsementPremium>
    <PropPremiumCalculation_EndorsementServiceTax>15481</PropPremiumCalculation_EndorsementServiceTax>
    <PropPremiumCalculation_EndorsementStampDuty>0.5</PropPremiumCalculation_EndorsementStampDuty>
    <PropPremiumCalculation_EndorsementTerrorismPremium>0</PropPremiumCalculation_EndorsementTerrorismPremium>
    <PropPremiumCalculation_GST>0</PropPremiumCalculation_GST>
    <PropPremiumCalculation_GrossCoverPremium>84548.79</PropPremiumCalculation_GrossCoverPremium>
    <PropPremiumCalculation_NetODPremium>100601</PropPremiumCalculation_NetODPremium>
    <PropPremiumCalculation_NetPremium>106765</PropPremiumCalculation_NetPremium>
    <PropPremiumCalculation_NetTPPremium>6164</PropPremiumCalculation_NetTPPremium>
    <PropPremiumCalculation_SP_PR_LTFactor>1</PropPremiumCalculation_SP_PR_LTFactor>
    <PropPremiumCalculation_ServiceTax>15481</PropPremiumCalculation_ServiceTax>
    <PropPremiumCalculation_StampDuty>0.5</PropPremiumCalculation_StampDuty>
    <PropPremiumCalculation_StampDutyApplicability>false</PropPremiumCalculation_StampDutyApplicability>
    <PropPremiumCalculation_TerrorismPremium>0</PropPremiumCalculation_TerrorismPremium>
    <PropPremiumCalculation_TotalPremium>122246</PropPremiumCalculation_TotalPremium>
    <PropPremiumCalculation_TransferFeeAmount>0</PropPremiumCalculation_TransferFeeAmount>
    <PropPreviousPolicyDetails_AddRow>false</PropPreviousPolicyDetails_AddRow>
    <PropPreviousPolicyDetails_CalculateClaimRatio>true</PropPreviousPolicyDetails_CalculateClaimRatio>
    <PropPreviousPolicyDetails_ClaimRatio>0</PropPreviousPolicyDetails_ClaimRatio>
    <PropPreviousPolicyDetails_Combo1 />
    <PropPreviousPolicyDetails_FirstPolicyInceptionDate />
    <PropPreviousPolicyDetails_InceptionYear>0</PropPreviousPolicyDetails_InceptionYear>
    <PropPreviousPolicyDetails_NCBPercentage>0</PropPreviousPolicyDetails_NCBPercentage>
    <PropPreviousPolicyDetails_OldTariffSlab>false</PropPreviousPolicyDetails_OldTariffSlab>
    <PropPreviousPolicyDetails_PreviousPolicyType />
    <PropPreviousPolicyDetails_Validate>true</PropPreviousPolicyDetails_Validate>
    <PropProductDetails_Component17 />
    <PropProductDetails_DepartmentCode>31</PropProductDetails_DepartmentCode>
    <PropProductDetails_ProductCode>3121</PropProductDetails_ProductCode>
    <PropProductDetails_ProductName />
    <PropProductName>PrivateCarInsurancePolicy</PropProductName>
    <PropReferenceNoDate_ReferenceDate_Mandatary>12/05/2016</PropReferenceNoDate_ReferenceDate_Mandatary>
    <PropReferenceNoDate_ReferenceNo_Mandatary>201605130000010</PropReferenceNoDate_ReferenceNo_Mandatary>
    <PropRisks_AAOmembershipno />
    <PropRisks_ABS>false</PropRisks_ABS>
    <PropRisks_AddOnChoiceOpted>Choice 1</PropRisks_AddOnChoiceOpted>
    <PropRisks_AddOnDiscnt>0</PropRisks_AddOnDiscnt>
    <PropRisks_AddOnPlanSelected>Sapphire Plus</PropRisks_AddOnPlanSelected>
    <PropRisks_Age>45</PropRisks_Age>
    <PropRisks_AgeCoverageDetails>0</PropRisks_AgeCoverageDetails>
    <PropRisks_Airbag>false</PropRisks_Airbag>
    <PropRisks_AllowanceDaysAccCourtHireCar>0</PropRisks_AllowanceDaysAccCourtHireCar>
    <PropRisks_AllowanceDaysAccident>0</PropRisks_AllowanceDaysAccident>
    <PropRisks_AllowanceDaysTheftTotal>0</PropRisks_AllowanceDaysTheftTotal>
    <PropRisks_AllowanceDaystheft>0</PropRisks_AllowanceDaystheft>
    <PropRisks_Amount>0</PropRisks_Amount>
    <PropRisks_AntiTheftCheck>false</PropRisks_AntiTheftCheck>
    <PropRisks_AnyOtherTataAigProduct />
    <PropRisks_ApplicableDocuments>PropType=New Business$BI=No$NCB=No$ATCode=No</PropRisks_ApplicableDocuments>
    <PropRisks_AuthorityLocation>MUMBAI ( EASTERN SUBURBS) MUMBAI MAHARASHTRA</PropRisks_AuthorityLocation>
    <PropRisks_AutoMobileAssocName />
    <PropRisks_AutoTransmission>false</PropRisks_AutoTransmission>
    <PropRisks_AutomobileAssociC>false</PropRisks_AutomobileAssociC>
    <PropRisks_AverageMonthlySalary />
    <PropRisks_Bangladesh>false</PropRisks_Bangladesh>
    <PropRisks_BasisOfRating>GLM</PropRisks_BasisOfRating>
    <PropRisks_Bhutan>false</PropRisks_Bhutan>
    <PropRisks_BuildingSecurity />
    <PropRisks_CNGLPGkitValue>0</PropRisks_CNGLPGkitValue>
    <PropRisks_Campaign />
    <PropRisks_CampaignFixAmt>0</PropRisks_CampaignFixAmt>
    <PropRisks_CapitalSIPerPerson>0</PropRisks_CapitalSIPerPerson>
    <PropRisks_CertifiedVintageCarByCarClub>false</PropRisks_CertifiedVintageCarByCarClub>
    <PropRisks_ChasisNo>False</PropRisks_ChasisNo>
    <PropRisks_ChassisNumber>23423434</PropRisks_ChassisNumber>
    <PropRisks_ChkForGeographical>false</PropRisks_ChkForGeographical>
    <PropRisks_ChkForRacing>false</PropRisks_ChkForRacing>
    <PropRisks_City>KOLKATA CITY</PropRisks_City>
    <PropRisks_CityCode>False</PropRisks_CityCode>
    <PropRisks_CityWherePrimarilyUsed>DHANBAD</PropRisks_CityWherePrimarilyUsed>
    <PropRisks_Col>
      <Risks>
        <PropRisks_VehicleSIComponent>Vehicle Base Value</PropRisks_VehicleSIComponent>
        <PropRisks_SumInsured>2856378</PropRisks_SumInsured>
        <PropRisks_CoverDetails_Col>
          <Risks_CoverDetails>
            <PropCoverDetails_Applicable>true</PropCoverDetails_Applicable>
            <PropCoverDetails_BaseTariffRate>0</PropCoverDetails_BaseTariffRate>
            <PropCoverDetails_Commission>17</PropCoverDetails_Commission>
            <PropCoverDetails_CoverGroups>Basic TP  including TPPD premium</PropCoverDetails_CoverGroups>
            <PropCoverDetails_CumEndSerTax>0</PropCoverDetails_CumEndSerTax>
            <PropCoverDetails_CumalativEndPrem>0</PropCoverDetails_CumalativEndPrem>
            <PropCoverDetails_CumulativePremium>0</PropCoverDetails_CumulativePremium>
            <PropCoverDetails_CumulativeServicetax>0</PropCoverDetails_CumulativeServicetax>
            <PropCoverDetails_DifferentialSI>750000</PropCoverDetails_DifferentialSI>
            <PropCoverDetails_EndorsementAmount>6164</PropCoverDetails_EndorsementAmount>
            <PropCoverDetails_FinalRate>0</PropCoverDetails_FinalRate>
            <PropCoverDetails_IsDataDeleted>false</PropCoverDetails_IsDataDeleted>
            <PropCoverDetails_IsOldDataDeleted>false</PropCoverDetails_IsOldDataDeleted>
            <PropCoverDetails_LoadingDiscount_Col />
            <PropCoverDetails_MMCPCode>0111257</PropCoverDetails_MMCPCode>
            <PropCoverDetails_Premium>6164</PropCoverDetails_Premium>
            <PropCoverDetails_Rate>6164</PropCoverDetails_Rate>
            <PropCoverDetails_SumInsured>750000</PropCoverDetails_SumInsured>
            <PropCoverDetails_TariffRate>6164</PropCoverDetails_TariffRate>
            <ExtensionData />
          </Risks_CoverDetails>
          <Risks_CoverDetails>
            <PropCoverDetails_Applicable>true</PropCoverDetails_Applicable>
            <PropCoverDetails_BaseTariffRate>3.44</PropCoverDetails_BaseTariffRate>
            <PropCoverDetails_Commission>9</PropCoverDetails_Commission>
            <PropCoverDetails_CoverGroups>Own Damage</PropCoverDetails_CoverGroups>
            <PropCoverDetails_CumEndSerTax>0</PropCoverDetails_CumEndSerTax>
            <PropCoverDetails_CumalativEndPrem>0</PropCoverDetails_CumalativEndPrem>
            <PropCoverDetails_CumulativePremium>0</PropCoverDetails_CumulativePremium>
            <PropCoverDetails_CumulativeServicetax>0</PropCoverDetails_CumulativeServicetax>
            <PropCoverDetails_DifferentialSI>2856378</PropCoverDetails_DifferentialSI>
            <PropCoverDetails_EndorsementAmount>84548.79</PropCoverDetails_EndorsementAmount>
            <PropCoverDetails_FinalRate>2.96</PropCoverDetails_FinalRate>
            <PropCoverDetails_IsDataDeleted>false</PropCoverDetails_IsDataDeleted>
            <PropCoverDetails_IsOldDataDeleted>false</PropCoverDetails_IsOldDataDeleted>
            <PropCoverDetails_LoadingDiscount_Col />
            <PropCoverDetails_MMCPCode>0111251</PropCoverDetails_MMCPCode>
            <PropCoverDetails_Premium>84548.79</PropCoverDetails_Premium>
            <PropCoverDetails_Rate>2.96</PropCoverDetails_Rate>
            <PropCoverDetails_SumInsured>2856378</PropCoverDetails_SumInsured>
            <PropCoverDetails_TariffRate>2.96</PropCoverDetails_TariffRate>
            <ExtensionData />
          </Risks_CoverDetails>
          <Risks_CoverDetails>
            <PropCoverDetails_Applicable>true</PropCoverDetails_Applicable>
            <PropCoverDetails_BaseTariffRate>0</PropCoverDetails_BaseTariffRate>
            <PropCoverDetails_Commission>17</PropCoverDetails_Commission>
            <PropCoverDetails_CoverGroups>WorkMen Compensation</PropCoverDetails_CoverGroups>
            <PropCoverDetails_CumEndSerTax>0</PropCoverDetails_CumEndSerTax>
            <PropCoverDetails_CumalativEndPrem>0</PropCoverDetails_CumalativEndPrem>
            <PropCoverDetails_CumulativePremium>0</PropCoverDetails_CumulativePremium>
            <PropCoverDetails_CumulativeServicetax>0</PropCoverDetails_CumulativeServicetax>
            <PropCoverDetails_DifferentialSI>0</PropCoverDetails_DifferentialSI>
            <PropCoverDetails_EndorsementAmount>0</PropCoverDetails_EndorsementAmount>
            <PropCoverDetails_FinalRate>0</PropCoverDetails_FinalRate>
            <PropCoverDetails_IsDataDeleted>false</PropCoverDetails_IsDataDeleted>
            <PropCoverDetails_IsOldDataDeleted>false</PropCoverDetails_IsOldDataDeleted>
            <PropCoverDetails_LoadingDiscount_Col />
            <PropCoverDetails_MMCPCode>0111257</PropCoverDetails_MMCPCode>
            <PropCoverDetails_Premium>0</PropCoverDetails_Premium>
            <PropCoverDetails_Rate>0</PropCoverDetails_Rate>
            <PropCoverDetails_SumInsured>0</PropCoverDetails_SumInsured>
            <PropCoverDetails_TariffRate>0</PropCoverDetails_TariffRate>
            <ExtensionData />
          </Risks_CoverDetails>
          <Risks_CoverDetails>
            <PropCoverDetails_Applicable>true</PropCoverDetails_Applicable>
            <PropCoverDetails_BaseTariffRate>0</PropCoverDetails_BaseTariffRate>
            <PropCoverDetails_Commission>17</PropCoverDetails_Commission>
            <PropCoverDetails_CoverGroups>Depreciation reimbursement</PropCoverDetails_CoverGroups>
            <PropCoverDetails_CumEndSerTax>0</PropCoverDetails_CumEndSerTax>
            <PropCoverDetails_CumalativEndPrem>0</PropCoverDetails_CumalativEndPrem>
            <PropCoverDetails_CumulativePremium>0</PropCoverDetails_CumulativePremium>
            <PropCoverDetails_CumulativeServicetax>0</PropCoverDetails_CumulativeServicetax>
            <PropCoverDetails_DifferentialSI>2856378</PropCoverDetails_DifferentialSI>
            <PropCoverDetails_EndorsementAmount>9426.05</PropCoverDetails_EndorsementAmount>
            <PropCoverDetails_FinalRate>0</PropCoverDetails_FinalRate>
            <PropCoverDetails_IsDataDeleted>false</PropCoverDetails_IsDataDeleted>
            <PropCoverDetails_IsOldDataDeleted>false</PropCoverDetails_IsOldDataDeleted>
            <PropCoverDetails_LoadingDiscount_Col />
            <PropCoverDetails_MMCPCode>0111253</PropCoverDetails_MMCPCode>
            <PropCoverDetails_Premium>9426.05</PropCoverDetails_Premium>
            <PropCoverDetails_Rate>0.33</PropCoverDetails_Rate>
            <PropCoverDetails_SumInsured>2856378</PropCoverDetails_SumInsured>
            <PropCoverDetails_TariffRate>0.33</PropCoverDetails_TariffRate>
            <ExtensionData />
          </Risks_CoverDetails>
          <Risks_CoverDetails>
            <PropCoverDetails_Applicable>true</PropCoverDetails_Applicable>
            <PropCoverDetails_BaseTariffRate>0</PropCoverDetails_BaseTariffRate>
            <PropCoverDetails_Commission>17</PropCoverDetails_Commission>
            <PropCoverDetails_CoverGroups>Engine Secure</PropCoverDetails_CoverGroups>
            <PropCoverDetails_CumEndSerTax>0</PropCoverDetails_CumEndSerTax>
            <PropCoverDetails_CumalativEndPrem>0</PropCoverDetails_CumalativEndPrem>
            <PropCoverDetails_CumulativePremium>0</PropCoverDetails_CumulativePremium>
            <PropCoverDetails_CumulativeServicetax>0</PropCoverDetails_CumulativeServicetax>
            <PropCoverDetails_DifferentialSI>2856378</PropCoverDetails_DifferentialSI>
            <PropCoverDetails_EndorsementAmount>3998.93</PropCoverDetails_EndorsementAmount>
            <PropCoverDetails_FinalRate>0</PropCoverDetails_FinalRate>
            <PropCoverDetails_IsDataDeleted>false</PropCoverDetails_IsDataDeleted>
            <PropCoverDetails_IsOldDataDeleted>false</PropCoverDetails_IsOldDataDeleted>
            <PropCoverDetails_LoadingDiscount_Col />
            <PropCoverDetails_MMCPCode>0111253</PropCoverDetails_MMCPCode>
            <PropCoverDetails_Premium>3998.93</PropCoverDetails_Premium>
            <PropCoverDetails_Rate>0.14</PropCoverDetails_Rate>
            <PropCoverDetails_SumInsured>2856378</PropCoverDetails_SumInsured>
            <PropCoverDetails_TariffRate>0.1</PropCoverDetails_TariffRate>
            <ExtensionData />
          </Risks_CoverDetails>
          <Risks_CoverDetails>
            <PropCoverDetails_Applicable>true</PropCoverDetails_Applicable>
            <PropCoverDetails_BaseTariffRate>0</PropCoverDetails_BaseTariffRate>
            <PropCoverDetails_Commission>17</PropCoverDetails_Commission>
            <PropCoverDetails_CoverGroups>Key Replacement</PropCoverDetails_CoverGroups>
            <PropCoverDetails_CumEndSerTax>0</PropCoverDetails_CumEndSerTax>
            <PropCoverDetails_CumalativEndPrem>0</PropCoverDetails_CumalativEndPrem>
            <PropCoverDetails_CumulativePremium>0</PropCoverDetails_CumulativePremium>
            <PropCoverDetails_CumulativeServicetax>0</PropCoverDetails_CumulativeServicetax>
            <PropCoverDetails_DifferentialSI>25000</PropCoverDetails_DifferentialSI>
            <PropCoverDetails_EndorsementAmount>265</PropCoverDetails_EndorsementAmount>
            <PropCoverDetails_FinalRate>0</PropCoverDetails_FinalRate>
            <PropCoverDetails_IsDataDeleted>false</PropCoverDetails_IsDataDeleted>
            <PropCoverDetails_IsOldDataDeleted>false</PropCoverDetails_IsOldDataDeleted>
            <PropCoverDetails_LoadingDiscount_Col />
            <PropCoverDetails_MMCPCode>0111253</PropCoverDetails_MMCPCode>
            <PropCoverDetails_Premium>265</PropCoverDetails_Premium>
            <PropCoverDetails_Rate>1.06</PropCoverDetails_Rate>
            <PropCoverDetails_SumInsured>25000</PropCoverDetails_SumInsured>
            <PropCoverDetails_TariffRate>1.06</PropCoverDetails_TariffRate>
            <ExtensionData />
          </Risks_CoverDetails>
          <Risks_CoverDetails>
            <PropCoverDetails_Applicable>true</PropCoverDetails_Applicable>
            <PropCoverDetails_BaseTariffRate>0</PropCoverDetails_BaseTariffRate>
            <PropCoverDetails_Commission>17</PropCoverDetails_Commission>
            <PropCoverDetails_CoverGroups>Loss of Personal belonging</PropCoverDetails_CoverGroups>
            <PropCoverDetails_CumEndSerTax>0</PropCoverDetails_CumEndSerTax>
            <PropCoverDetails_CumalativEndPrem>0</PropCoverDetails_CumalativEndPrem>
            <PropCoverDetails_CumulativePremium>0</PropCoverDetails_CumulativePremium>
            <PropCoverDetails_CumulativeServicetax>0</PropCoverDetails_CumulativeServicetax>
            <PropCoverDetails_DifferentialSI>10000</PropCoverDetails_DifferentialSI>
            <PropCoverDetails_EndorsementAmount>110</PropCoverDetails_EndorsementAmount>
            <PropCoverDetails_FinalRate>0</PropCoverDetails_FinalRate>
            <PropCoverDetails_IsDataDeleted>false</PropCoverDetails_IsDataDeleted>
            <PropCoverDetails_IsOldDataDeleted>false</PropCoverDetails_IsOldDataDeleted>
            <PropCoverDetails_LoadingDiscount_Col />
            <PropCoverDetails_MMCPCode>0111253</PropCoverDetails_MMCPCode>
            <PropCoverDetails_Premium>110</PropCoverDetails_Premium>
            <PropCoverDetails_Rate>1.1</PropCoverDetails_Rate>
            <PropCoverDetails_SumInsured>10000</PropCoverDetails_SumInsured>
            <PropCoverDetails_TariffRate>1.1</PropCoverDetails_TariffRate>
            <ExtensionData />
          </Risks_CoverDetails>
          <Risks_CoverDetails>
            <PropCoverDetails_Applicable>true</PropCoverDetails_Applicable>
            <PropCoverDetails_BaseTariffRate>0</PropCoverDetails_BaseTariffRate>
            <PropCoverDetails_Commission>17</PropCoverDetails_Commission>
            <PropCoverDetails_CoverGroups>Consumable Expense</PropCoverDetails_CoverGroups>
            <PropCoverDetails_CumEndSerTax>0</PropCoverDetails_CumEndSerTax>
            <PropCoverDetails_CumalativEndPrem>0</PropCoverDetails_CumalativEndPrem>
            <PropCoverDetails_CumulativePremium>0</PropCoverDetails_CumulativePremium>
            <PropCoverDetails_CumulativeServicetax>0</PropCoverDetails_CumulativeServicetax>
            <PropCoverDetails_DifferentialSI>2856378</PropCoverDetails_DifferentialSI>
            <PropCoverDetails_EndorsementAmount>2142.28</PropCoverDetails_EndorsementAmount>
            <PropCoverDetails_FinalRate>0</PropCoverDetails_FinalRate>
            <PropCoverDetails_IsDataDeleted>false</PropCoverDetails_IsDataDeleted>
            <PropCoverDetails_IsOldDataDeleted>false</PropCoverDetails_IsOldDataDeleted>
            <PropCoverDetails_LoadingDiscount_Col />
            <PropCoverDetails_MMCPCode>0111253</PropCoverDetails_MMCPCode>
            <PropCoverDetails_Premium>2142.28</PropCoverDetails_Premium>
            <PropCoverDetails_Rate>0.075</PropCoverDetails_Rate>
            <PropCoverDetails_SumInsured>2856378</PropCoverDetails_SumInsured>
            <PropCoverDetails_TariffRate>0.08</PropCoverDetails_TariffRate>
            <ExtensionData />
          </Risks_CoverDetails>
          <Risks_CoverDetails>
            <PropCoverDetails_Applicable>true</PropCoverDetails_Applicable>
            <PropCoverDetails_BaseTariffRate>0</PropCoverDetails_BaseTariffRate>
            <PropCoverDetails_Commission>17</PropCoverDetails_Commission>
            <PropCoverDetails_CoverGroups>Road Side Assistance</PropCoverDetails_CoverGroups>
            <PropCoverDetails_CumEndSerTax>0</PropCoverDetails_CumEndSerTax>
            <PropCoverDetails_CumalativEndPrem>0</PropCoverDetails_CumalativEndPrem>
            <PropCoverDetails_CumulativePremium>0</PropCoverDetails_CumulativePremium>
            <PropCoverDetails_CumulativeServicetax>0</PropCoverDetails_CumulativeServicetax>
            <PropCoverDetails_DifferentialSI>0</PropCoverDetails_DifferentialSI>
            <PropCoverDetails_EndorsementAmount>0</PropCoverDetails_EndorsementAmount>
            <PropCoverDetails_FinalRate>0</PropCoverDetails_FinalRate>
            <PropCoverDetails_IsDataDeleted>false</PropCoverDetails_IsDataDeleted>
            <PropCoverDetails_IsOldDataDeleted>false</PropCoverDetails_IsOldDataDeleted>
            <PropCoverDetails_LoadingDiscount_Col />
            <PropCoverDetails_MMCPCode>0111253</PropCoverDetails_MMCPCode>
            <PropCoverDetails_Premium>0</PropCoverDetails_Premium>
            <PropCoverDetails_Rate>0</PropCoverDetails_Rate>
            <PropCoverDetails_SumInsured>0</PropCoverDetails_SumInsured>
            <PropCoverDetails_TariffRate>0</PropCoverDetails_TariffRate>
            <ExtensionData />
          </Risks_CoverDetails>
          <Risks_CoverDetails>
            <PropCoverDetails_Applicable>true</PropCoverDetails_Applicable>
            <PropCoverDetails_BaseTariffRate>0</PropCoverDetails_BaseTariffRate>
            <PropCoverDetails_Commission>17</PropCoverDetails_Commission>
            <PropCoverDetails_CoverGroups>Emergency Transport Hotel Exp</PropCoverDetails_CoverGroups>
            <PropCoverDetails_CumEndSerTax>0</PropCoverDetails_CumEndSerTax>
            <PropCoverDetails_CumalativEndPrem>0</PropCoverDetails_CumalativEndPrem>
            <PropCoverDetails_CumulativePremium>0</PropCoverDetails_CumulativePremium>
            <PropCoverDetails_CumulativeServicetax>0</PropCoverDetails_CumulativeServicetax>
            <PropCoverDetails_DifferentialSI>10000</PropCoverDetails_DifferentialSI>
            <PropCoverDetails_EndorsementAmount>110</PropCoverDetails_EndorsementAmount>
            <PropCoverDetails_FinalRate>0</PropCoverDetails_FinalRate>
            <PropCoverDetails_IsDataDeleted>false</PropCoverDetails_IsDataDeleted>
            <PropCoverDetails_IsOldDataDeleted>false</PropCoverDetails_IsOldDataDeleted>
            <PropCoverDetails_LoadingDiscount_Col />
            <PropCoverDetails_MMCPCode>0111253</PropCoverDetails_MMCPCode>
            <PropCoverDetails_Premium>110</PropCoverDetails_Premium>
            <PropCoverDetails_Rate>1.1</PropCoverDetails_Rate>
            <PropCoverDetails_SumInsured>10000</PropCoverDetails_SumInsured>
            <PropCoverDetails_TariffRate>1.1</PropCoverDetails_TariffRate>
            <ExtensionData />
          </Risks_CoverDetails>
          <Risks_CoverDetails>
            <PropCoverDetails_Applicable>true</PropCoverDetails_Applicable>
            <PropCoverDetails_BaseTariffRate>0</PropCoverDetails_BaseTariffRate>
            <PropCoverDetails_Commission>17</PropCoverDetails_Commission>
            <PropCoverDetails_CoverGroups>Repair Glass Fiber plastic</PropCoverDetails_CoverGroups>
            <PropCoverDetails_CumEndSerTax>0</PropCoverDetails_CumEndSerTax>
            <PropCoverDetails_CumalativEndPrem>0</PropCoverDetails_CumalativEndPrem>
            <PropCoverDetails_CumulativePremium>0</PropCoverDetails_CumulativePremium>
            <PropCoverDetails_CumulativeServicetax>0</PropCoverDetails_CumulativeServicetax>
            <PropCoverDetails_DifferentialSI>2856378</PropCoverDetails_DifferentialSI>
            <PropCoverDetails_EndorsementAmount>0</PropCoverDetails_EndorsementAmount>
            <PropCoverDetails_FinalRate>0</PropCoverDetails_FinalRate>
            <PropCoverDetails_IsDataDeleted>false</PropCoverDetails_IsDataDeleted>
            <PropCoverDetails_IsOldDataDeleted>false</PropCoverDetails_IsOldDataDeleted>
            <PropCoverDetails_LoadingDiscount_Col />
            <PropCoverDetails_MMCPCode>0111253</PropCoverDetails_MMCPCode>
            <PropCoverDetails_Premium>0</PropCoverDetails_Premium>
            <PropCoverDetails_Rate>0</PropCoverDetails_Rate>
            <PropCoverDetails_SumInsured>2856378</PropCoverDetails_SumInsured>
            <PropCoverDetails_TariffRate>0</PropCoverDetails_TariffRate>
            <ExtensionData />
          </Risks_CoverDetails>
        </PropRisks_CoverDetails_Col>
        <IsOptionalCover>false</IsOptionalCover>
        <ExtensionData />
        <PropRisks_DifferentialSI>2856378</PropRisks_DifferentialSI>
        <PropRisks_EndorsementAmount>106765.05</PropRisks_EndorsementAmount>
        <PropRisks_IsDataDeleted>false</PropRisks_IsDataDeleted>
        <PropRisks_IsOldDataDeleted>false</PropRisks_IsOldDataDeleted>
        <PropRisks_Premium>106765.05</PropRisks_Premium>
        <PropRisks_Rate>0</PropRisks_Rate>
      </Risks>
    </PropRisks_Col>
    <PropRisks_Colorofthevehicle />
    <PropRisks_CompForVolExc1>0</PropRisks_CompForVolExc1>
    <PropRisks_CompForVolExc2>0</PropRisks_CompForVolExc2>
    <PropRisks_CompForVolExc3>0</PropRisks_CompForVolExc3>
    <PropRisks_CompForVolExc4>0</PropRisks_CompForVolExc4>
    <PropRisks_CompulsoryExcess>2000</PropRisks_CompulsoryExcess>
    <PropRisks_CompulsoryPAwithOwnerDriver>false</PropRisks_CompulsoryPAwithOwnerDriver>
    <PropRisks_ConsumableExpensLoading>False</PropRisks_ConsumableExpensLoading>
    <PropRisks_ConsumablesExpenses>true</PropRisks_ConsumablesExpenses>
    <PropRisks_CountryCode>False</PropRisks_CountryCode>
    <PropRisks_CountryForRTO>India</PropRisks_CountryForRTO>
    <PropRisks_CourtesyHireCar>false</PropRisks_CourtesyHireCar>
    <PropRisks_CourtseyFranchiDay>0</PropRisks_CourtseyFranchiDay>
    <PropRisks_CubicCapacity>1798</PropRisks_CubicCapacity>
    <PropRisks_CustomerLoyaltyDiscount>false</PropRisks_CustomerLoyaltyDiscount>
    <PropRisks_CvrPrm>0</PropRisks_CvrPrm>
    <PropRisks_DailyAllowance>false</PropRisks_DailyAllowance>
    <PropRisks_DateOfBirth />
    <PropRisks_DateofRegistration>17/05/2016</PropRisks_DateofRegistration>
    <PropRisks_Dateofpurchase>17/05/2016</PropRisks_Dateofpurchase>
    <PropRisks_DepreciationReimbursement>true</PropRisks_DepreciationReimbursement>
    <PropRisks_DiscDeprctionreimburment>0</PropRisks_DiscDeprctionreimburment>
    <PropRisks_DiscntEmerTrnsportHotelExp>0</PropRisks_DiscntEmerTrnsportHotelExp>
    <PropRisks_DiscntEmrgncyMedicalExp>0</PropRisks_DiscntEmrgncyMedicalExp>
    <PropRisks_DiscntHomeProtectSublt>0</PropRisks_DiscntHomeProtectSublt>
    <PropRisks_DiscntPersonalTripEffect>0</PropRisks_DiscntPersonalTripEffect>
    <PropRisks_DiscntPrm>0</PropRisks_DiscntPrm>
    <PropRisks_Discount />
    <PropRisks_DiscountConsumbleExpense>0</PropRisks_DiscountConsumbleExpense>
    <PropRisks_DiscountCourtesyHireCar>0</PropRisks_DiscountCourtesyHireCar>
    <PropRisks_DiscountDailyAllowance>0</PropRisks_DiscountDailyAllowance>
    <PropRisks_DiscountEngineSecure>0</PropRisks_DiscountEngineSecure>
    <PropRisks_DiscountGPA>0</PropRisks_DiscountGPA>
    <PropRisks_DiscountKeyReplacement>0</PropRisks_DiscountKeyReplacement>
    <PropRisks_DiscountLossPersnalbelong>0</PropRisks_DiscountLossPersnalbelong>
    <PropRisks_DiscountNCBProtection>0</PropRisks_DiscountNCBProtection>
    <PropRisks_DiscountNewCarRplacmnt>2.96</PropRisks_DiscountNewCarRplacmnt>
    <PropRisks_DiscountRepirGlasFiber>0</PropRisks_DiscountRepirGlasFiber>
    <PropRisks_DiscountReturnInvoice>0</PropRisks_DiscountReturnInvoice>
    <PropRisks_DiscountRoadSideAssis>0</PropRisks_DiscountRoadSideAssis>
    <PropRisks_DiscountTyreSecure>0</PropRisks_DiscountTyreSecure>
    <PropRisks_District>KOLKATA</PropRisks_District>
    <PropRisks_DistrictCode>False</PropRisks_DistrictCode>
    <PropRisks_Drivingexperience>4</PropRisks_Drivingexperience>
    <PropRisks_Educationalqualification />
    <PropRisks_ElectricalAccessories>0</PropRisks_ElectricalAccessories>
    <PropRisks_EmergTrnsprtAndHotelExpensIDV>5000</PropRisks_EmergTrnsprtAndHotelExpensIDV>
    <PropRisks_EmergencyMedicalExpenses>false</PropRisks_EmergencyMedicalExpenses>
    <PropRisks_EmployeeDiscountMod />
    <PropRisks_EmployeesDiscount>false</PropRisks_EmployeesDiscount>
    <PropRisks_EngineSecure>true</PropRisks_EngineSecure>
    <PropRisks_EngineSecureOptions>With Deductible</PropRisks_EngineSecureOptions>
    <PropRisks_Engineno>42342234</PropRisks_Engineno>
    <PropRisks_EntitledforNCB />
    <PropRisks_EventName />
    <PropRisks_Expirydate />
    <PropRisks_FirstName>Paid Driver</PropRisks_FirstName>
    <PropRisks_FleetDiscount />
    <PropRisks_FleetFixAmt>0</PropRisks_FleetFixAmt>
    <PropRisks_ForUWLoading>84548.79</PropRisks_ForUWLoading>
    <PropRisks_FranchiseDays>0</PropRisks_FranchiseDays>
    <PropRisks_Franchisee />
    <PropRisks_FromDateForRacing />
    <PropRisks_FromDateForRallies />
    <PropRisks_FromDateUForm />
    <PropRisks_FromDateVehicleLaidup />
    <PropRisks_FuelType>Petrol</PropRisks_FuelType>
    <PropRisks_FuelUsed>false</PropRisks_FuelUsed>
    <PropRisks_GLMRate>2.96</PropRisks_GLMRate>
    <PropRisks_Gender>MALE</PropRisks_Gender>
    <PropRisks_Geographicalareaextention>false</PropRisks_Geographicalareaextention>
    <PropRisks_GroupPersonalAccident>false</PropRisks_GroupPersonalAccident>
    <PropRisks_HomeAway>false</PropRisks_HomeAway>
    <PropRisks_IDVofthevehicle>2856378</PropRisks_IDVofthevehicle>
    <PropRisks_ImposedExcessAmount>0</PropRisks_ImposedExcessAmount>
    <PropRisks_ImprtdVehcleWoutPaymtCustmDuty>false</PropRisks_ImprtdVehcleWoutPaymtCustmDuty>
    <PropRisks_InsuredHasDrivinglicense>false</PropRisks_InsuredHasDrivinglicense>
    <PropRisks_IsCNGLPGKitinsuredinPIP>false</PropRisks_IsCNGLPGKitinsuredinPIP>
    <PropRisks_IsNewRateApplicable>false</PropRisks_IsNewRateApplicable>
    <PropRisks_IsVehcleUsdForDrivngTuitions>false</PropRisks_IsVehcleUsdForDrivngTuitions>
    <PropRisks_IsVehicle />
    <PropRisks_IsVehicleUsedforblindpersons>false</PropRisks_IsVehicleUsedforblindpersons>
    <PropRisks_IsVehicleusedlimitedtopremises>false</PropRisks_IsVehicleusedlimitedtopremises>
    <PropRisks_Issuer>0</PropRisks_Issuer>
    <PropRisks_KeyReplacement>true</PropRisks_KeyReplacement>
    <PropRisks_LastName>Paid Driver</PropRisks_LastName>
    <PropRisks_LdngPrm>0</PropRisks_LdngPrm>
    <PropRisks_LegalLiabilityToEmployees>false</PropRisks_LegalLiabilityToEmployees>
    <PropRisks_LiabilityToSoldierSailorAirMan>false</PropRisks_LiabilityToSoldierSailorAirMan>
    <PropRisks_Lifemember>false</PropRisks_Lifemember>
    <PropRisks_LiscenseNo />
    <PropRisks_Liscenseissuingauthority />
    <PropRisks_LoadConsumbleExpense>0</PropRisks_LoadConsumbleExpense>
    <PropRisks_LoadDeprctionreimburment>0</PropRisks_LoadDeprctionreimburment>
    <PropRisks_LoadEmerTrnsportHotelExp>0</PropRisks_LoadEmerTrnsportHotelExp>
    <PropRisks_LoadEmrgencyMedicalExp>0</PropRisks_LoadEmrgencyMedicalExp>
    <PropRisks_LoadHomeProtectSublt>0</PropRisks_LoadHomeProtectSublt>
    <PropRisks_LoadPersonalTripEffect>0</PropRisks_LoadPersonalTripEffect>
    <PropRisks_LoadingCourtesyHireCar>0</PropRisks_LoadingCourtesyHireCar>
    <PropRisks_LoadingDailyAllowance>0</PropRisks_LoadingDailyAllowance>
    <PropRisks_LoadingDiscountOnAddOnCovers>0</PropRisks_LoadingDiscountOnAddOnCovers>
    <PropRisks_LoadingEngineSecure>0</PropRisks_LoadingEngineSecure>
    <PropRisks_LoadingGPA>0</PropRisks_LoadingGPA>
    <PropRisks_LoadingKeyReplacement>0</PropRisks_LoadingKeyReplacement>
    <PropRisks_LoadingLossPersnalbelong>0</PropRisks_LoadingLossPersnalbelong>
    <PropRisks_LoadingNCBProtection>0</PropRisks_LoadingNCBProtection>
    <PropRisks_LoadingNewCarRplacmnt>2856378</PropRisks_LoadingNewCarRplacmnt>
    <PropRisks_LoadingRepirGlasFiber>0</PropRisks_LoadingRepirGlasFiber>
    <PropRisks_LoadingReturnInvoice>0</PropRisks_LoadingReturnInvoice>
    <PropRisks_LoadingRoadSideAssis>0</PropRisks_LoadingRoadSideAssis>
    <PropRisks_LoadingTyreSecure>0</PropRisks_LoadingTyreSecure>
    <PropRisks_LocationCode>False</PropRisks_LocationCode>
    <PropRisks_LossOfPersonalBelongings>true</PropRisks_LossOfPersonalBelongings>
    <PropRisks_MainDriver>Paid Driver</PropRisks_MainDriver>
    <PropRisks_Maldives>false</PropRisks_Maldives>
    <PropRisks_Manufacture>AUDI</PropRisks_Manufacture>
    <PropRisks_ManufactureMonth>5</PropRisks_ManufactureMonth>
    <PropRisks_ManufactureYear>2016</PropRisks_ManufactureYear>
    <PropRisks_ManufacturerCode>162</PropRisks_ManufacturerCode>
    <PropRisks_MaritalStatus>MARRIED</PropRisks_MaritalStatus>
    <PropRisks_Model>A4</PropRisks_Model>
    <PropRisks_ModelCode>10156</PropRisks_ModelCode>
    <PropRisks_ModelVariant>1.8 TFSI</PropRisks_ModelVariant>
    <PropRisks_MonthlyMileage />
    <PropRisks_NCBConfirmation />
    <PropRisks_NCBProtRatePop>0</PropRisks_NCBProtRatePop>
    <PropRisks_NCBProtectionCover>false</PropRisks_NCBProtectionCover>
    <PropRisks_NCBRatePop>0</PropRisks_NCBRatePop>
    <PropRisks_NCPrm>84548.79</PropRisks_NCPrm>
    <PropRisks_NameOfNominee />
    <PropRisks_Nepal>false</PropRisks_Nepal>
    <PropRisks_NewCarReplacement>false</PropRisks_NewCarReplacement>
    <PropRisks_NoClaimBonusApplicable>0</PropRisks_NoClaimBonusApplicable>
    <PropRisks_NoOfAccidents>0</PropRisks_NoOfAccidents>
    <PropRisks_NoOfClaimFreeYearsCompleted>0</PropRisks_NoOfClaimFreeYearsCompleted>
    <PropRisks_NoOfClaimsDepreciation>2</PropRisks_NoOfClaimsDepreciation>
    <PropRisks_NoOfClaimsNCBProtection>0</PropRisks_NoOfClaimsNCBProtection>
    <PropRisks_NoOfCylinders>0</PropRisks_NoOfCylinders>
    <PropRisks_NoOfPersonWiderLegalLiability>0</PropRisks_NoOfPersonWiderLegalLiability>
    <PropRisks_NoOfPersonsLiabilityEmployee>0</PropRisks_NoOfPersonsLiabilityEmployee>
    <PropRisks_NoOfPersonsNamed>0</PropRisks_NoOfPersonsNamed>
    <PropRisks_NoOfPersonsPaidDriver>0</PropRisks_NoOfPersonsPaidDriver>
    <PropRisks_NonElectricalAccessories>0</PropRisks_NonElectricalAccessories>
    <PropRisks_NumberOfClaims>0</PropRisks_NumberOfClaims>
    <PropRisks_NumberOfDrivers>0</PropRisks_NumberOfDrivers>
    <PropRisks_NumberofPersonsUnnamed>0</PropRisks_NumberofPersonsUnnamed>
    <PropRisks_NumberofViolationsConvictions>0</PropRisks_NumberofViolationsConvictions>
    <PropRisks_ODOMETERReading />
    <PropRisks_Occupation />
    <PropRisks_OpenCvrNo>false</PropRisks_OpenCvrNo>
    <PropRisks_OriginalNCBPercentage>0</PropRisks_OriginalNCBPercentage>
    <PropRisks_OtherChk1>false</PropRisks_OtherChk1>
    <PropRisks_OtherChk2>false</PropRisks_OtherChk2>
    <PropRisks_OtherChk3>false</PropRisks_OtherChk3>
    <PropRisks_OtherChk4>false</PropRisks_OtherChk4>
    <PropRisks_OtherInfo4>0</PropRisks_OtherInfo4>
    <PropRisks_OtherInfoP>SLDocumentManagement.xap</PropRisks_OtherInfoP>
    <PropRisks_OtherInformation11 />
    <PropRisks_OtherInformation12 />
    <PropRisks_OtherInformation13 />
    <PropRisks_OtherInformation14 />
    <PropRisks_OtherInformation1N>0</PropRisks_OtherInformation1N>
    <PropRisks_OtherInformation1T>201</PropRisks_OtherInformation1T>
    <PropRisks_OtherInformation2n>0</PropRisks_OtherInformation2n>
    <PropRisks_OtherInformation3T />
    <PropRisks_OtherInformation4N>0</PropRisks_OtherInformation4N>
    <PropRisks_OtherInformation4T>False</PropRisks_OtherInformation4T>
    <PropRisks_OtherInformation5N>0</PropRisks_OtherInformation5N>
    <PropRisks_OtherNumeric11>0</PropRisks_OtherNumeric11>
    <PropRisks_OtherNumeric12>0</PropRisks_OtherNumeric12>
    <PropRisks_OtherTxt1 />
    <PropRisks_OtherTxt2 />
    <PropRisks_Pakistan>false</PropRisks_Pakistan>
    <PropRisks_PerDayAllowance />
    <PropRisks_PeriodFrom />
    <PropRisks_PeriodTo />
    <PropRisks_PeriodofLaidup>false</PropRisks_PeriodofLaidup>
    <PropRisks_PersnalExtndedProtctionPolPEPP>false</PropRisks_PersnalExtndedProtctionPolPEPP>
    <PropRisks_PersonalTripEffects>false</PropRisks_PersonalTripEffects>
    <PropRisks_Pincode>700001</PropRisks_Pincode>
    <PropRisks_PolicyAge>New Business</PropRisks_PolicyAge>
    <PropRisks_PolicyNoEmployeeDiscount />
    <PropRisks_PolicyNumber />
    <PropRisks_PostOffice>GARIA</PropRisks_PostOffice>
    <PropRisks_PreSourceApproval>false</PropRisks_PreSourceApproval>
    <PropRisks_PrevYearNCB>False</PropRisks_PrevYearNCB>
    <PropRisks_PreviousAccidentHistory>0</PropRisks_PreviousAccidentHistory>
    <PropRisks_PromoterName />
    <PropRisks_ProposalType>New Business</PropRisks_ProposalType>
    <PropRisks_ProtectedNCB>0</PropRisks_ProtectedNCB>
    <PropRisks_RTOCode>MH-03</PropRisks_RTOCode>
    <PropRisks_RTOGroupCode>0</PropRisks_RTOGroupCode>
    <PropRisks_RallyCheck>false</PropRisks_RallyCheck>
    <PropRisks_RatForUWDisc />
    <PropRisks_RateForReliabOD>0</PropRisks_RateForReliabOD>
    <PropRisks_RateForReliabTP>0</PropRisks_RateForReliabTP>
    <PropRisks_RatioofAOAinAOY>1:2</PropRisks_RatioofAOAinAOY>
    <PropRisks_RegNoNotRequired>true</PropRisks_RegNoNotRequired>
    <PropRisks_RegistrationAddressSameComm>true</PropRisks_RegistrationAddressSameComm>
    <PropRisks_RegistrationNoAsPerOldLogic>false</PropRisks_RegistrationNoAsPerOldLogic>
    <PropRisks_RegistrationNumber />
    <PropRisks_RegistrationNumber2 />
    <PropRisks_RegistrationNumber3 />
    <PropRisks_RegistrationNumber4 />
    <PropRisks_RegistrationNumber5>High End</PropRisks_RegistrationNumber5>
    <PropRisks_Registrationaddressline1>ASDASD</PropRisks_Registrationaddressline1>
    <PropRisks_Registrationaddressline2>ASDASD</PropRisks_Registrationaddressline2>
    <PropRisks_Registrationaddressline3 />
    <PropRisks_Relationship />
    <PropRisks_RelationshipToTheInsured />
    <PropRisks_ReliabilityTrialCheck>false</PropRisks_ReliabilityTrialCheck>
    <PropRisks_Reliabilitytrialorracingdate />
    <PropRisks_Reliabilitytrialorracingtodate />
    <PropRisks_RepairOfGlasPlastcFibNRubrGlas>true</PropRisks_RepairOfGlasPlastcFibNRubrGlas>
    <PropRisks_ReturnToInvoice>false</PropRisks_ReturnToInvoice>
    <PropRisks_RiskVariant>PackageComprehensive</PropRisks_RiskVariant>
    <PropRisks_RiskVariantSection>False</PropRisks_RiskVariantSection>
    <PropRisks_RoadsideAssistance>true</PropRisks_RoadsideAssistance>
    <PropRisks_SIForHomeAway>0</PropRisks_SIForHomeAway>
    <PropRisks_SIForPersonalTrip>0</PropRisks_SIForPersonalTrip>
    <PropRisks_STax>No</PropRisks_STax>
    <PropRisks_SeatingCapacity>5</PropRisks_SeatingCapacity>
    <PropRisks_SriLanka>false</PropRisks_SriLanka>
    <PropRisks_State>WEST BENGAL</PropRisks_State>
    <PropRisks_StateCode>False</PropRisks_StateCode>
    <PropRisks_SumAssuredAOA>5000</PropRisks_SumAssuredAOA>
    <PropRisks_SumAssuredAOY>10000</PropRisks_SumAssuredAOY>
    <PropRisks_SumAssuredEmergencyMedExp>0</PropRisks_SumAssuredEmergencyMedExp>
    <PropRisks_SumAssuredKeyReplacement>25000</PropRisks_SumAssuredKeyReplacement>
    <PropRisks_SumAssuredLossOfPersonalBelong>10000</PropRisks_SumAssuredLossOfPersonalBelong>
    <PropRisks_SumInsuredPaidDriver>0</PropRisks_SumInsuredPaidDriver>
    <PropRisks_TPCoverCndtn>true</PropRisks_TPCoverCndtn>
    <PropRisks_TPPDRestictDD>0</PropRisks_TPPDRestictDD>
    <PropRisks_TPPDRestricted>false</PropRisks_TPPDRestricted>
    <PropRisks_Taluk />
    <PropRisks_TalukCode />
    <PropRisks_TheftTarget>false</PropRisks_TheftTarget>
    <PropRisks_ThreeWheelerHandicapCheck>false</PropRisks_ThreeWheelerHandicapCheck>
    <PropRisks_TieProducer>Sapphire Plus</PropRisks_TieProducer>
    <PropRisks_ToDateForRacing />
    <PropRisks_ToDateForRallies />
    <PropRisks_ToDateUForm />
    <PropRisks_ToDateVehicleLaidup />
    <PropRisks_TotalInsuredDeclaredValue>2856378</PropRisks_TotalInsuredDeclaredValue>
    <PropRisks_TypeOfAdjustment />
    <PropRisks_TypeOfRoad />
    <PropRisks_TypeofTransmission />
    <PropRisks_TypeofWheelRim />
    <PropRisks_Typeofbody>SALOON</PropRisks_Typeofbody>
    <PropRisks_TyreSecure>false</PropRisks_TyreSecure>
    <PropRisks_TyreSecureOption />
    <PropRisks_UForm />
    <PropRisks_UnderwritingDiscount />
    <PropRisks_UserEnteredPremium>0</PropRisks_UserEnteredPremium>
    <PropRisks_UserName />
    <PropRisks_UserType />
    <PropRisks_Variant>False</PropRisks_Variant>
    <PropRisks_VariantCode>3534</PropRisks_VariantCode>
    <PropRisks_VehcleFitWithFibrGlasFuelTank>false</PropRisks_VehcleFitWithFibrGlasFuelTank>
    <PropRisks_VehicleAge_Mandatary>0</PropRisks_VehicleAge_Mandatary>
    <PropRisks_VehicleInspection>false</PropRisks_VehicleInspection>
    <PropRisks_VehicleParkingplace />
    <PropRisks_VehiclePurchaseAs>Brand new</PropRisks_VehiclePurchaseAs>
    <PropRisks_VehicleSegment>High End</PropRisks_VehicleSegment>
    <PropRisks_VehicleType>Indigenous</PropRisks_VehicleType>
    <PropRisks_VehicleTypeCode>45</PropRisks_VehicleTypeCode>
    <PropRisks_VehicleUse>Social, Domestic, Pleasure &amp; Professional</PropRisks_VehicleUse>
    <PropRisks_VoluntaryDeductibleAmount>0</PropRisks_VoluntaryDeductibleAmount>
    <PropRisks_WiderLegalLiabilityToPaid>false</PropRisks_WiderLegalLiabilityToPaid>
    <PropRisks_YearLicensed>2012</PropRisks_YearLicensed>
    <PropRisks_Zone_Mandatary>Zone-A</PropRisks_Zone_Mandatary>
    <PropSPDetails_SPCode />
    <PropSPDetails_SPName />
    <PropSerIntermediaryDetails_SerIntermediaryCode />
    <PropSerIntermediaryDetails_SerIntermediaryName />
    <PropSerIntermediaryDetails_SerIntermediaryType />
    <PropServiceTaxExemptionCategory_Component43 />
    <PropVerticalDtls_PrimaryVerticalCode />
    <PropVerticalDtls_PrimaryVerticalName />
    <PropVerticalDtls_SecondaryVerticalCode />
    <PropVerticalDtls_SecondaryVerticalName />
    <PropVerticalDtls_TertiaryVerticalCode />
    <PropVerticalDtls_TertiaryVerticalName />
    <PropWarranty_DepartmentCode>0</PropWarranty_DepartmentCode>
    <PropWarranty_ProductCode>0</PropWarranty_ProductCode>
    <PropWarranty_SectionCode />
  </GetUserData>
  <IndividualPremiumDetails>
    <ExtensionData />
    <BasicPremium>0</BasicPremium>
    <BlockID>0</BlockID>
    <ExchangeRate>0</ExchangeRate>
    <NetPremium>0</NetPremium>
    <SectionID>0</SectionID>
    <TotalSI>0</TotalSI>
  </IndividualPremiumDetails>
  <NetPremium>106765</NetPremium>
  <ProductType>SB</ProductType>
  <ServiceTax>15481</ServiceTax>
  <StampDuty>0</StampDuty>
  <TotalPremium>122246</TotalPremium>
  <TotalSI>14326890</TotalSI>
  <UWPartialDataXml />
  <WarningText />
</ServiceResult>
